method,kind,dataset,scene,ref_psnr,ref_ssim,ref_lpips,pre_psnr,pre_ssim,pre_lpips,r1_psnr,r1_ssim,r1_lpips
ibgs,final,mip360,bicycle,26.077880859375,0.8055879473686218,0.17286954820156097,26.077848434448242,0.8055870532989502,0.17286886274814606,,,
ibgs,final,mip360,flowers,22.29277801513672,0.6612195372581482,0.2751877009868622,22.29279899597168,0.6612195372581482,0.27518755197525024,,,
ibgs,final,mip360,garden,27.590072631835938,0.8678767085075378,0.11978670954704285,27.590024948120117,0.8678762912750244,0.11978491395711899,,,
ibgs,final,mip360,stump,27.294830322265625,0.8088764548301697,0.18423916399478912,27.294828414916992,0.808876633644104,0.18423786759376526,,,
ibgs,final,mip360,treehill,22.93292999267578,0.6748156547546387,0.2780297100543976,22.932920455932617,0.6748145818710327,0.27802956104278564,,,
ibgs,final,mip360,bonsai,34.91791534423828,0.9578816294670105,0.15088815987110138,34.91801834106445,0.9578828811645508,0.15088070929050446,,,
ibgs,final,mip360,counter,30.629159927368164,0.9269806146621704,0.15235216915607452,30.629148483276367,0.9269797205924988,0.15234631299972534,,,
ibgs,final,mip360,kitchen,31.954792022705078,0.9298387765884399,0.11409881711006165,31.954803466796875,0.9298362731933594,0.11409860104322433,,,
ibgs,final,mip360,room,32.49770736694336,0.9348777532577515,0.17530709505081177,32.497684478759766,0.9348770380020142,0.17530402541160583,,,
ibgs,final,tnt,train,23.787185668945312,0.8472688794136047,0.17341278493404388,23.7871150970459,0.8472695350646973,0.17340873181819916,,,
ibgs,final,tnt,truck,26.178842544555664,0.8980185389518738,0.11677923053503036,26.178939819335938,0.8980183005332947,0.11677876114845276,,,
ibgs,final,db,drjohnson,29.735715866088867,0.9095760583877563,0.2321927547454834,29.7357120513916,0.9095758199691772,0.2321842610836029,,,
ibgs,final,db,playroom,30.147090911865234,0.9120680093765259,0.2401609718799591,30.147050857543945,0.9120678305625916,0.24015387892723083,,,
ibgs,raw,mip360,bicycle,25.76361656188965,0.7948715090751648,0.19224685430526733,25.76361846923828,0.7948715090751648,0.1922447383403778,,,
ibgs,raw,mip360,flowers,21.911884307861328,0.6267349123954773,0.31984421610832214,21.911882400512695,0.6267349720001221,0.3198404610157013,,,
ibgs,raw,mip360,garden,27.29816246032715,0.8660977482795715,0.11726125329732895,27.29816246032715,0.8660978674888611,0.11725962162017822,,,
ibgs,raw,mip360,stump,27.22551727294922,0.79892498254776,0.19918371737003326,27.22551727294922,0.79892498254776,0.1991814225912094,,,
ibgs,raw,mip360,treehill,22.846647262573242,0.656562328338623,0.31269317865371704,22.846649169921875,0.656562328338623,0.3126898407936096,,,
ibgs,raw,mip360,bonsai,31.013418197631836,0.9381730556488037,0.18955838680267334,31.01341438293457,0.9381730556488037,0.18955495953559875,,,
ibgs,raw,mip360,counter,28.2725772857666,0.9036261439323425,0.19876469671726227,28.272579193115234,0.9036262035369873,0.1987624168395996,,,
ibgs,raw,mip360,kitchen,30.463409423828125,0.9244509935379028,0.12665194272994995,30.46341323852539,0.9244509935379028,0.12665097415447235,,,
ibgs,raw,mip360,room,31.130943298339844,0.9224453568458557,0.2010267823934555,31.13094711303711,0.9224454164505005,0.20102271437644958,,,
ibgs,raw,tnt,train,20.770666122436523,0.7995455265045166,0.22872892022132874,20.770668029785156,0.7995456457138062,0.22872646152973175,,,
ibgs,raw,tnt,truck,25.513486862182617,0.8855240345001221,0.15372902154922485,25.513486862182617,0.8855239748954773,0.15372510254383087,,,
ibgs,raw,db,drjohnson,29.564640045166016,0.906171977519989,0.24186423420906067,29.564638137817383,0.9061720371246338,0.24185919761657715,,,
ibgs,raw,db,playroom,30.11928367614746,0.9104278087615967,0.24363680183887482,30.119281768798828,0.9104277491569519,0.24362967908382416,,,
3dgs,final,mip360,bicycle,25.246,0.771,0.205,,,,,,
3dgs,final,mip360,flowers,21.52,0.605,0.336,,,,,,
3dgs,final,mip360,garden,27.41,0.868,0.103,,,,,,
3dgs,final,mip360,stump,26.55,0.775,0.21,,,,,,
3dgs,final,mip360,treehill,22.49,0.638,0.317,,,,,,
3dgs,final,mip360,bonsai,31.98,0.938,0.205,,,,,,
3dgs,final,mip360,counter,28.7,0.905,0.204,,,,,,
3dgs,final,mip360,kitchen,30.317,0.922,0.129,,,,,,
3dgs,final,mip360,room,30.632,0.914,0.22,,,,,,
3dgs,final,tnt,train,21.097,0.802,0.218,,,,,,
3dgs,final,tnt,truck,25.187,0.879,0.148,,,,,,
3dgs,final,db,drjohnson,28.766,0.899,0.244,,,,,,
3dgs,final,db,playroom,30.044,0.906,0.241,,,,,,
mcmc,final,mip360,bicycle,26.15,0.81,0.18,,,,,,
mcmc,final,mip360,garden,28.16,0.89,0.1,,,,,,
mcmc,final,mip360,stump,27.8,0.82,0.19,,,,,,
mcmc,final,mip360,bonsai,32.88,0.95,0.22,,,,,,
mcmc,final,mip360,counter,29.51,0.92,0.22,,,,,,
mcmc,final,mip360,kitchen,32.27,0.94,0.14,,,,,,
mcmc,final,mip360,room,32.48,0.94,0.25,,,,,,
mcmc,final,tnt,train,22.47,0.83,0.24,,,,,,
mcmc,final,tnt,truck,26.11,0.89,0.14,,,,,,
mcmc,final,db,drjohnson,29.0,0.89,0.33,,,,,,
mcmc,final,db,playroom,30.33,0.9,0.31,,,,,,
